id,variant,quantity
61676,Adult,1
61687,Adult,2
61687,Child,1
61687,Infant,1
61688,Adult,1
61689,Adult,1
61689,Child,2
61691,Adult,1
61692,OAP,1
61696,Adult,1
61697,Adult,1
61697,Child,2
61698,Adult,1
61700,OAP,1
61701,Adult,1
61701,Child,1
61704,Adult,2
61704,Child,1
61704,Infant,1
61706,Adult,1
61706,Child,2
61709,Adult,1
61712,Adult,1
61713,OAP,1
61714,Child,1
61720,Adult,1
61721,Adult,1
61723,Adult,1
61730,Adult,1
61731,Adult,1
61732,Adult,1
61768,Adult,1
61769,Adult,1
61769,Child,1
61770,Adult,1
61808,Adult,1
61809,OAP,1
61810,OAP,1
61811,OAP,1
61820,Adult,1
61830,Adult,1
61832,Adult,1
61833,Child,1
61836,Child,1
61837,Child,2
61838,Child,1
61839,Adult,1
61848,Adult,1
61858,Child,1
61859,Adult,1
61862,OAP,1
61867,OAP,1
61870,OAP,1
61922,OAP,1
61925,Adult,1
61926,Adult,1
61930,Adult,1
61932,Adult,1
61939,Adult,1
61940,Adult,1
61941,OAP,1
61942,OAP,1
61945,OAP,1
61956,Adult,1
61958,Adult,1
61969,Adult,1
61970,Adult,1
61971,Adult,1
61973,Adult,1
61976,Adult,1
61980,Adult,1
61984,Adult,1
61990,Adult,1
61991,Adult,1
62015,OAP,2
62038,Adult,1
62049,Child,1
62052,Adult,1
62053,Adult,1
62056,Adult,1
62057,Adult,1
62058,Adult,1
62059,OAP,1
62060,Adult,1
62063,OAP,1
62067,OAP,1
62082,Adult,1
62082,Child,1
62088,Adult,1
62088,Child,1
62095,Adult,2
62095,Child,2
62098,OAP,1
62104,Adult,1
62104,Child,2
62106,Adult,1
62107,Child,2
62121,Adult,1
62122,Adult,1
62122,Child,2
62123,Adult,1
62125,Adult,1
62126,Adult,1
62128,Adult,1
62129,OAP,1
62131,Adult,1
62131,Child,2
62132,Adult,1
62132,Child,1
62133,OAP,1
62134,OAP,1
62135,OAP,1
62136,OAP,1
62137,Adult,1
62138,Adult,1
62140,Adult,1
62142,Adult,1
62143,Child,1
62144,Adult,1
62145,Adult,1
62148,Adult,1
62174,Adult,1
62182,Adult,1
62194,Adult,1
62194,Child,1
62195,Adult,1
62197,Adult,1
62199,Adult,1
62200,Adult,1
62201,Adult,1
62202,Child,1
62206,Adult,1
62208,Adult,1
62218,Adult,1
62219,Child,1
62229,OAP,1
62245,Adult,1
62246,Adult,1
62252,Adult,1
62264,Adult,1
62267,Adult,1
62270,Adult,1
62269,Adult,1
62276,Adult,1
62279,OAP,1
62283,Adult,1
62284,Adult,1
62287,OAP,1
62307,Adult,1
62310,Adult,1
62318,Adult,1
62321,Adult,1
62323,Adult,1
62324,Adult,1
62331,Adult,1
62334,Adult,2
62335,OAP,1
62336,OAP,1
62354,Adult,1
62365,Adult,1
62366,Adult,1
62380,OAP,1
62385,Adult,1
62386,Child,1
62387,Adult,1
62388,Adult,1
62405,OAP,2
62413,OAP,1
62418,Adult,1
62418,Infant,1
62432,Adult,1
62432,Child,2
62438,Adult,2
62460,Adult,1
62464,Adult,1
62470,Adult,1
62470,Child,1
62472,OAP,1
62473,OAP,1
62474,OAP,1
62475,Child,2
62476,Adult,1
62488,OAP,1
62502,Child,1
62507,Adult,1
62518,Adult,1
62519,Adult,1
62527,OAP,1
62530,Adult,1
62537,Adult,1
62538,Adult,1
62539,Adult,1
62540,Child,2
62543,Child,4
62544,Child,4
62545,Adult,1
62546,Adult,1
62548,Child,1
62549,Adult,1
62550,Adult,1
62552,Adult,1
62553,Child,1
62554,OAP,1
62555,Adult,1
62556,OAP,1
62560,OAP,1
62586,Adult,1
62588,Adult,1
62599,OAP,1
62604,Adult,1
62612,Adult,1
62624,OAP,1
62625,Adult,1
62627,Adult,1
62628,Adult,1
62629,Adult,1
62629,Child,1
62642,Adult,1
62643,Adult,1
62646,Adult,1
62647,Adult,1
62721,Adult,2
62721,Child,1
62721,Infant,1
62713,Adult,1
62714,OAP,1
62715,Child,1
62718,Adult,1
62719,Adult,1
62720,Adult,1
62722,Adult,1
62723,Adult,1
62724,OAP,1
62730,Adult,1
62730,Child,1
62738,OAP,1
62748,Adult,1
62749,Adult,1
62749,Child,2
62750,Adult,1
62751,OAP,1
62753,Adult,1
62755,OAP,1
62756,OAP,1
62758,OAP,1
62759,Adult,1
62759,Child,1
62760,Adult,1
62761,OAP,1
62762,Child,1
62763,Adult,1
62764,Adult,1
62765,Adult,1
62766,Adult,1
62767,Adult,1
62768,Adult,1
62769,OAP,1
62770,Adult,1
62785,Adult,1
62786,Adult,1
62787,OAP,1
62788,Child,2
62789,Child,2
62790,Adult,1
62791,Child,1
62792,Adult,1
62793,Adult,1
62794,Adult,1
62795,Adult,1
62796,Child,1
62797,Adult,1
62798,OAP,1
62799,Adult,1
62801,Adult,1
62802,Adult,1
62803,Adult,1
62804,Adult,1
62805,Adult,1
62806,Adult,1
62807,Adult,1
62809,Adult,1
62810,Adult,1
62811,OAP,1
62812,Adult,1
62813,Adult,1
62814,Adult,1
62815,Adult,1
62817,Adult,1
62819,Adult,1
62821,Adult,1
62822,OAP,1
62823,OAP,1
62824,Adult,1
62826,Adult,1
62828,Adult,1
62830,Adult,1
62831,Adult,1
62832,Adult,1
62833,Adult,2
62833,Child,1
62833,Infant,1
62834,Adult,2
62834,Infant,1
62835,Adult,1
62837,Child,1
62838,Adult,1
62838,Child,1
62839,Adult,1
62840,Adult,2
62840,Child,1
62840,Infant,1
62841,Adult,1
62841,Child,2
62842,Adult,1
62843,Adult,1
62844,Adult,1
62844,Child,3
